microRNA,p.value,P.adjusted.BH,logFC
hsa-miR-302c,4.31e-05,0.00642201,-1.37368
hsa-miR-630,0.000201054,0.009710284,-4.218462
